player_id,name,matches,innings,dismissals,catches,stumpings,dismissals_per_innings
44936,Abraham Benjamin de Villiers,340,335,248,230,18,0.74
5334,Aaron James Finch,387,384,164,164,0,0.427
1287067,Pappanayil Abdul Basith,30,30,13,13,0,0.433
1175485,Abdul Samad Farooq,110,110,57,57,0,0.518
1081183,Abhijeet Tomar,20,20,10,10,0,0.5
778963,Abhinav Manohar,54,54,29,29,0,0.537
1070183,Abhishek Sharma,181,179,72,72,0,0.402
1277545,Abishek Porel,57,56,21,20,1,0.375
228430,Abu Nechim Ahmed,80,79,10,10,0,0.126
450860,Adam Fraser Milne,226,220,53,53,0,0.24
379504,Adam Zampa,327,323,44,44,0,0.136
244497,Adil Usman Rashid,364,360,90,90,0,0.25
333904,Aditya Prakash Tare,130,130,91,71,20,0.7
600498,Aiden Kyle Markram,226,221,120,120,0,0.542
277916,Ajinkya Madhukar Rahane,294,294,125,125,0,0.425
1176959,Akash Deep,53,53,12,12,0,0.226
1206039,Akash Madhwal,56,56,8,8,0,0.142
1175458,Akash Maharaj Singh,29,29,3,3,0,0.103
530812,Akeal Jerome Hosein,273,265,54,54,0,0.203
574178,Mahamarakkala Kurukulasooriya Patabendige Akila Dananjaya Perera,140,135,45,45,0,0.333
500360,Akshdeep Deependra Nath,86,86,31,30,1,0.36
46248,Johannes Albertus Morkel,319,312,71,71,0,0.227
326434,Alex Tyson Carey,118,116,101,84,17,0.87
249866,Alexander Daniel Hales,528,523,249,249,0,0.476
670031,Alzarri Shaheim Joseph,168,163,57,57,0,0.349
1254269,Aman Khan,32,32,23,23,0,0.718
33141,Ambati Thirupathi Rayudu,303,301,104,101,3,0.345
31107,Amit Mishra,259,259,44,44,0,0.169
276298,Andre Dwayne Russell,590,582,248,248,0,0.426
459508,Andrew James Tye,249,246,88,88,0,0.357
49764,Angelo Davis Mathews,222,220,74,74,0,0.336
1292495,Angkrish Raghuvanshi,37,37,16,16,0,0.432
527299,Aniket Vinod Choudhary,83,83,12,12,0,0.144
327123,Ankit Ramdas Bawne,42,41,13,13,0,0.317
591650,Ankit Singh Rajpoot,87,87,12,12,0,0.137
422992,Ankit Nagendra Sharma,84,84,23,23,0,0.273
1083128,Ankit Soni,7,7,1,1,0,0.142
851261,Anmolpreet Singh,81,81,43,43,0,0.53
481979,Anrich Arno Nortje,170,168,43,43,0,0.255
1175428,Anshul Kamboj,41,41,13,13,0,0.317
1123073,Anuj Rawat,77,77,76,64,12,0.987
1079839,Anukul Sudhakar Roy,70,69,39,39,0,0.565
376324,Kathuria Anureet Singh,71,71,23,23,0,0.323
1148776,Arjun Sachin Tendulkar,29,29,2,2,0,0.068
1244751,Mohd Arshad Khan,30,30,8,8,0,0.266
1125976,Arshdeep Singh,194,193,43,43,0,0.222
1403153,Arshin Atul Kulkarni,21,21,7,7,0,0.333
31820,Ashish Nehra,132,132,27,27,0,0.204
389605,Ammana Ashish Reddy,77,77,22,22,0,0.285
227712,Ashok Bhimchandra Dinda,147,146,23,23,0,0.157
500268,Ashton James Turner,252,248,103,103,0,0.415
1131978,Ashutosh Rambabu Sharma,54,53,11,11,0,0.207
1125958,Atharva Taide,60,60,32,32,0,0.533
694211,Avesh Khan,140,138,32,32,0,0.231
554691,Axar Rajeshbhai Patel,309,305,134,134,0,0.439
1151270,Ayush Badoni,96,95,36,36,0,0.378
39024,Azhar Mahmood Sagar,230,230,45,45,0,0.195
819429,Azmatullah Omarzai,172,172,43,43,0,0.25
917231,Belur Ravi Sharath,33,33,33,21,12,1.0
477069,Baba Indrajith,30,30,9,9,0,0.3
537126,Barinder Balbirsingh Sran,48,48,9,9,0,0.187
732291,Basil Thampi,88,88,18,18,0,0.204
230371,Benjamin Colin James Cutting,212,212,100,100,0,0.471
315623,Ben Laughlin,164,163,59,59,0,0.361
311158,Benjamin Andrew Stokes,162,157,74,74,0,0.471
379927,Beuran Eric Hendricks,124,122,31,31,0,0.254
342619,Pramod Bhanuka Bandara Rajapaksa,225,220,63,62,1,0.286
326016,Bhuvneshwar Kumar Singh,316,315,66,66,0,0.209
533042,Billy James Stanlake,93,93,12,12,0,0.129
35928,Bipul Sharma,105,105,30,30,0,0.285
5681,George Bradley Hogg,141,139,32,32,0,0.23
37737,Brendon Barrie McCullum,370,365,167,153,14,0.457
1076713,Cameron Donald Green,70,70,39,39,0,0.557
457249,Carlos Ricardo Brathwaite,265,264,108,108,0,0.409
1131754,Chetan Sakariya,54,54,21,21,0,0.388
302208,Chidhambaram Muralidharen Gautam,48,48,54,40,14,1.125
51880,Christopher Henry Gayle,463,457,104,104,0,0.227
787073,Christopher James Green,279,277,156,156,0,0.563
288992,Christopher James Jordan,431,426,218,218,0,0.511
326637,Christopher Austin Lynn,306,304,73,73,0,0.24
439952,Christopher Henry Morris,234,231,104,104,0,0.45
247235,Christopher Roger Woakes,172,170,65,65,0,0.382
45705,Colin Alexander Ingram,377,367,124,124,0,0.337
232359,Colin Munro,463,455,138,138,0,0.303
55395,Colin de Grandhomme,253,249,103,103,0,0.413
277662,Corey James Anderson,190,189,62,62,0,0.328
308798,D'Arcy John Matthew Short,180,179,74,74,0,0.413
47492,Dale Willem Steyn,228,226,55,55,0,0.243
4864,Daniel Trevor Christian,412,404,186,186,0,0.46
826901,Daniel Richard Sams,216,215,86,86,0,0.4
53115,Daren Julius Garvey Sammy,320,316,123,123,0,0.389
277472,Darren Michael Bravo,181,178,60,60,0,0.337
1111917,Darshan Girish Nalkande,57,57,15,15,0,0.263
381743,Daryl Joseph Mitchell,268,262,142,142,0,0.541
437316,Madagamagamage Dasun Shanaka,283,279,105,105,0,0.376
321777,David Andrew Miller,557,551,332,331,1,0.602
219889,David Andrew Warner,432,429,203,203,0,0.473
221140,David Wiese,419,403,155,155,0,0.384
308251,David Jonathan Willey,371,367,175,175,0,0.476
236489,Dawid Johannes Malan,393,390,134,134,0,0.343
447261,Deepak Lokandersingh Chahar,166,166,32,32,0,0.192
497121,Deepak Jagbir Hooda,230,229,106,106,0,0.462
1119026,Devdutt Padikkal,115,115,54,54,0,0.469
379140,Devon Philip Conway,231,228,113,104,9,0.495
1070665,Dewald Brevis,135,132,68,68,0,0.515
277955,Dhawal Sunil Kulkarni,162,161,35,35,0,0.217
1175488,Dhruv Chand Jurel,56,55,34,32,2,0.618
590327,Dhruv Ranjan Shorey,54,54,26,26,0,0.481
30045,Krishnakumar Dinesh Karthik,415,411,311,239,72,0.756
528985,Domnic Joseph Muthuswami,30,30,8,8,0,0.266
698315,Donovan Ferreira,141,136,88,80,8,0.647
595954,Duan Jansen,50,49,25,25,0,0.51
552152,Pathira Vasan Dushmantha Chameera,172,170,38,38,0,0.223
327830,Dwaine Pretorius,279,273,58,58,0,0.212
51439,Dwayne John Bravo,582,573,275,275,0,0.479
53118,Dwayne Romel Smith,337,336,141,141,0,0.419
340841,Eklavya Rakesh Dwivedi,47,47,35,26,9,0.744
24598,Eoin Joseph Gerard Morgan,374,368,160,160,0,0.434
431901,Evin Lewis,260,256,79,79,0,0.308
670013,Fabian Anthony Allen,162,159,69,69,0,0.433
44828,Francois du Plessis,431,422,218,218,0,0.516
44410,Farhaan Behardien,204,199,85,85,0,0.427
974175,Fazalhaq Farooqi,153,152,24,24,0,0.157
28763,Gautam Gambhir,251,250,51,51,0,0.204
4451,George John Bailey,213,213,84,84,0,0.394
643433,George Henry Simmons Garton,122,118,39,39,0,0.33
596010,Gerald Coetzee,82,79,19,19,0,0.24
325026,Glenn James Maxwell,503,500,268,268,0,0.536
823509,Glenn Dominic Phillips,286,280,168,158,10,0.6
352048,Gulbadin Naib,181,180,69,69,0,0.383
499660,Gurinder Singh Sandhu,87,87,21,21,0,0.241
537124,Gurkeerat Rupinder Singh,119,119,58,55,3,0.487
1287033,Gurnoor Brar,9,9,5,5,0,0.555
452044,Gade Hanuma Vihari,96,96,38,36,2,0.395
29264,Harbhajan Singh,268,265,83,83,0,0.313
625371,Hardik Himanshu Pandya,328,327,152,152,0,0.464
375126,GC Viljoen,180,176,31,31,0,0.176
1168641,Harpreet Brar,105,105,29,29,0,0.276
340854,Harpreet Singh Bhatia,109,109,59,59,0,0.541
911707,Harry Cherrington Brook,177,176,99,99,0,0.562
244639,Harry Frederick Gurney,156,152,18,18,0,0.118
390481,Harshal Vikram Patel,217,214,50,50,0,0.233
1312645,Harshit Pradeep Rana,47,45,14,14,0,0.311
43906,Hashim Mahomed Amla,164,164,39,39,0,0.237
436757,Heinrich Klaasen,276,270,165,131,34,0.611
1350761,Himanshu Sharma,3,3,0,0,0,0.0
1175423,Hrithik Rakesh Shokeen,18,18,5,5,0,0.277
40618,Mohammad Imran Tahir,448,435,107,107,0,0.245
277237,Sayed Iqbal Abdulla,104,104,33,33,0,0.317
32685,Irfan Khan Pathan,181,177,44,44,0,0.248
559066,Inderbir Singh Sodhi,312,304,72,72,0,0.236
720471,Ishan Pranav Kumar Pandey Kishan,229,228,149,133,16,0.653
967603,Ishan Chandranath Porel,31,31,1,1,0,0.032
279554,Ishank Rajiv Jaggi,68,68,21,21,0,0.308
236779,Ishant Sharma,182,182,34,34,0,0.186
447439,Ishwar Chand Pandey,71,71,17,17,0,0.239
328026,Isuru Udana Tillakaratna,231,224,72,72,0,0.321
527663,Jagadeesha Suchith,93,93,43,43,0,0.462
1168049,Jake Matthew Fraser-McGurk,98,97,60,60,0,0.618
237199,Jalaj Sahai Saxena,79,79,19,19,0,0.24
270484,James Peter Faulkner,223,222,69,69,0,0.31
355269,James Douglas Sheahan Neesham,341,330,135,135,0,0.409
272465,James Lee Pattinson,57,57,16,16,0,0.28
272477,Jason Paul Behrendorff,185,182,57,57,0,0.313
391485,Jason Omar Holder,342,338,169,169,0,0.5
298438,Jason Jonathan Roy,417,412,205,205,0,0.497
625383,Jasprit Jasbirsingh Bumrah,270,267,41,41,0,0.153
230554,Javon Philip Ramon Scantlebury-Searles,56,56,34,34,0,0.607
447587,Jayant Yadav,95,95,41,41,0,0.431
390484,Jaydev Dipakbhai Unadkat,213,213,64,64,0,0.3
44932,Jean-Paul Duminy,264,263,113,113,0,0.429
774223,Jhye Avon Richardson,104,103,34,34,0,0.33
721867,Jitesh Mohan Sharma,158,157,134,115,19,0.853
12454,Joseph Liam Denly,298,294,111,111,0,0.377
303669,Joseph Edward Root,129,129,58,58,0,0.449
669855,Jofra Chioke Archer,192,189,57,57,0,0.301
44149,Johan Botha,222,220,94,94,0,0.427
228622,John Wayne Hastings,106,105,25,25,0,0.238
297433,Jonathan Marc Bairstow,265,262,150,134,16,0.572
308967,Joseph Charles Buttler,493,485,348,295,53,0.717
288284,Josh Reginald Hazlewood,127,126,20,20,0,0.158
928067,Joshua Brian Little,151,150,50,50,0,0.333
1124282,Joshua Ryan Philippe,142,139,115,99,16,0.827
545467,Carl Junior Dala,141,135,37,37,0,0.274
777537,Konganda Charamanna Cariappa,58,58,14,14,0,0.241
422108,Kannaur Lokesh Rahul,239,237,125,115,10,0.527
1083030,KM Asif,42,42,10,10,0,0.238
550215,Kagiso Rabada,246,243,80,80,0,0.329
1070188,Kamlesh Lachham Nagarkoti,40,40,16,16,0,0.4
272262,Kane William Richardson,201,197,78,78,0,0.395
277906,Kane Stuart Williamson,293,289,128,128,0,0.442
1246518,Karan Sunny Sharma,33,32,5,5,0,0.156
322535,Karanveer Singh,16,16,7,7,0,0.437
30288,Karn Vinod Sharma,191,191,61,61,0,0.319
1122918,Kartik Tyagi,36,36,6,6,0,0.166
398439,Karun Nair,177,176,71,71,0,0.403
290716,Kedar Mahadav Jadhav,163,163,64,55,9,0.392
677081,Keemo Mandela Angus Paul,147,146,59,59,0,0.404
267724,Keshav Athmanand Maharaj,215,208,65,65,0,0.312
19296,Kevin Peter Pietersen,200,198,66,66,0,0.333
942645,Khaleel Khursheed Ahmed,128,128,21,21,0,0.164
230559,Kieron Adrian Pollard,735,723,405,405,0,0.56
424377,Krishnappa Gowtham,92,91,31,31,0,0.34
471342,Krunal Himanshu Pandya,228,227,85,85,0,0.374
1163695,Kuldeep Rampal Sen,39,39,6,6,0,0.153
559235,Kuldeep Yadav,189,186,42,42,0,0.225
1206495,Kuldip Yadav,3,3,0,0,0,0.0
1083033,Kulwant Khejroliya,26,26,4,4,0,0.153
1159843,Kumar Kartikeya Singh,54,54,10,10,0,0.185
1207295,Kumar Kushagra,32,32,27,24,3,0.843
1294342,Kwena Tshegofatso Maphaka,55,53,16,16,0,0.301
297583,Kyle John Abbott,156,153,33,33,0,0.215
625960,Kyle Alex Jamieson,102,101,25,25,0,0.247
348056,Kyle Rico Mayers,224,221,65,65,0,0.294
930189,Lalit Yadav,89,89,49,49,0,0.55
49758,Separamadu Lasith Malinga,295,289,54,54,0,0.186
53116,Lendl Mark Platter Simmons,292,290,116,116,0,0.4
403902,Liam Stephen Livingstone,340,338,131,131,0,0.387
19264,Liam Edward Plunkett,169,165,44,44,0,0.266
536936,Litton Kumer Das,268,266,199,158,41,0.748
379887,Lizaad Buyron Williams,106,102,22,22,0,0.215
493773,Lachlan Hammond Ferguson,207,204,56,56,0,0.274
573170,Luke Wood,209,207,71,71,0,0.342
573930,Lukman Iqbal Meriwala,72,72,19,19,0,0.263
542023,Lungisani True-man Ngidi,175,171,34,34,0,0.198
28081,Mahendra Singh Dhoni,405,403,322,230,92,0.799
719719,Masood Shahrukh Khan,116,116,46,46,0,0.396
1138316,Morawakage Maheesh Theekshana,225,224,49,49,0,0.218
853265,Mahipal Krishan Lomror,117,117,50,50,0,0.427
532856,Manan Vohra,139,138,43,43,0,0.311
1175426,Manav Jagdusakumar Suthar,25,25,5,5,0,0.2
398506,Mandeep Singh,214,213,79,79,0,0.37
1151286,Manimaran Siddharth,17,17,5,5,0,0.294
290630,Manish Krishnanand Pandey,311,311,154,152,2,0.495
35565,Manoj Kumar Tiwary,183,183,94,94,0,0.513
317293,Manpreet Singh Gony,91,91,17,17,0,0.186
27280,Manvinder Sultansingh Bisla,65,65,55,40,15,0.846
393279,Marchant de Lange,155,151,44,44,0,0.291
696401,Marco Jansen,139,137,71,71,0,0.518
325012,Marcus Peter Stoinis,364,359,91,91,0,0.253
351588,Mark Andrew Wood,63,63,11,11,0,0.174
52983,Marlon Nathaniel Samuels,187,186,45,45,0,0.241
226492,Martin James Guptill,359,351,198,198,0,0.564
1194795,Matheesha Pathirana,109,109,28,28,0,0.256
506612,Matthew James Henry,186,179,72,72,0,0.402
605575,Matthew William Short,153,152,87,87,0,0.572
230193,Matthew Scott Wade,287,286,176,155,21,0.615
398438,Mayank Anurag Agarwal,222,221,96,96,0,0.434
942367,Mayank J Dagar,72,72,38,38,0,0.527
1081442,Mayank Markande,93,93,21,21,0,0.225
1292563,Mayank Prabhu Yadav,19,19,6,6,0,0.315
326968,Michael Gordon Bracewell,203,198,116,115,1,0.585
5939,Michael Edward Killeen Hussey,161,161,77,77,0,0.478
6033,Mitchell Guy Johnson,112,111,28,28,0,0.252
272450,Mitchell Ross Marsh,233,231,90,90,0,0.389
319439,Mitchell John McClenaghan,203,199,34,34,0,0.17
502714,Mitchell Josef Santner,267,263,98,98,0,0.372
311592,Mitchell Aaron Starc,158,155,58,58,0,0.374
8917,Moeen Munir Ali,420,415,130,130,0,0.313
25913,Mohammad Nabi,485,481,226,226,0,0.469
481896,Mohammed Shami Ahmed,183,183,34,34,0,0.185
940973,Mohammed Siraj,161,160,52,52,0,0.325
1349361,Mohit Rathee,20,20,7,7,0,0.35
537119,Mohit Mahipal Sharma,172,172,39,39,0,0.226
1132005,Mohsin Khan,62,61,9,9,0,0.147
5961,Moises Constantino Henriques,301,298,133,133,0,0.446
694209,Monu Kumar Singh,29,29,5,5,0,0.172
46538,Morne Morkel,190,187,27,27,0,0.144
974109,Mujeeb Ur Rahman,290,290,57,57,0,0.196
1125688,Mukesh Choudhary,36,36,4,4,0,0.111
926851,Mukesh Kumar,80,80,23,23,0,0.287
32965,Munaf Musa Patel,101,101,21,21,0,0.207
237095,Murali Vijay,169,169,65,65,0,0.384
528067,Murugan Ashwin,117,117,34,34,0,0.29
330902,Mustafizur Rahman,322,321,66,66,0,0.205
1287032,Naman Dhir,47,47,28,28,0,0.595
32102,Naman Vinaykumar Ojha,182,180,136,110,26,0.755
971349,Nandre Burger,88,85,23,23,0,0.27
1048813,Narayan Jagadeesan,73,73,37,30,7,0.506
261354,Nathan Mitchell Coulter-Nile,160,158,51,51,0,0.322
826915,Nathan Ellis,186,186,61,61,0,0.327
853259,Nathu Bharat Singh,19,19,2,2,0,0.105
700167,Navdeep Amarjeet Saini,87,86,25,25,0,0.29
793447,Naveen-ul-Haq Murid,223,221,61,61,0,0.276
1151273,Nehal Wadhera,61,61,21,21,0,0.344
333780,Nicolas James Maddinson,149,148,59,59,0,0.398
604302,Nicholas Pooran,443,435,288,249,39,0.662
554700,Nikhil Shankar Naik,72,71,50,39,11,0.704
1175496,Kaki Nitish Kumar Reddy,40,40,20,20,0,0.5
604527,Nitish Rana,211,211,58,58,0,0.274
1182529,Noor Ahmad Lakanwal,196,192,42,42,0,0.218
955235,Ilandari Dewage Nuwan Thushara,137,136,17,17,0,0.125
906783,Obed  Christopher McCoy,156,155,28,28,0,0.18
820691,Odean Fabian Smith,108,107,36,36,0,0.336
914567,Oshane Romaine Thomas,79,78,9,9,0,0.115
34155,Pardeep Sahu,15,15,4,4,0,0.266
32242,Parthiv Ajay Patel,204,204,144,113,31,0.705
378496,Parvez Ghulam Rasool Zargar,71,71,27,27,0,0.38
489889,Patrick James Cummins,171,171,45,45,0,0.263
530773,Pawan Negi,119,118,40,40,0,0.338
431213,Pawan Shakland Suyal,24,24,1,1,0,0.041
334337,Peter Stephen Patrick Handscomb,135,135,80,65,15,0.592
669365,Philip Dean Salt,332,324,189,175,14,0.583
32966,Piyush Pramod Chawla,305,305,77,77,0,0.252
1161024,Prabhsimran Singh,115,115,60,45,15,0.521
279545,Pradeep Jaibeer Sangwan,102,102,34,34,0,0.333
32130,Pragyan Prayash Ojha,142,141,21,21,0,0.148
500135,Prashant Chopra,73,73,42,40,2,0.575
1252337,Prashant Hitesh Solanki,23,23,4,4,0,0.173
917159,Muralikrishna Prasidh Krishna,97,97,21,21,0,0.216
777515,Praveen Dubey,33,33,18,18,0,0.545
30732,Praveenkumar Sakat Singh,177,177,22,22,0,0.124
587152,Pravin Vijay Tambe,64,64,12,12,0,0.187
1159712,Prayas Ray Barman,9,9,0,0,0,0.0
956871,Prerak Nileshkumar Mankad,62,62,34,34,0,0.548
1121579,Prithvi Raj Yarra,14,14,2,2,0,0.142
1070168,Prithvi Pankaj Shaw,124,124,33,33,0,0.266
1070180,Priyam K Garg,53,53,24,24,0,0.452
379143,Quinton de Kock,439,433,376,315,61,0.868
35280,Rudra Pratap Singh,132,131,42,42,0,0.32
959767,Rachin Ravindra,133,129,55,55,0,0.426
1350770,Raghav Goyal,3,3,1,1,0,0.333
974087,Rahmanullah Gurbaz,262,259,157,138,19,0.606
1064812,Rahul Desraj Chahar,140,140,47,47,0,0.335
423838,Rahul Tewatia,169,169,68,68,0,0.402
446763,Rahul Ajay Tripathi,172,171,74,74,0,0.432
33870,Rajagopal Sathish,67,66,30,30,0,0.454
26907,Rajat Bhatia,146,146,46,46,0,0.315
823703,Rajat Manohar Patidar,98,98,47,47,0,0.479
1175429,Rajvardhan S Hangargekar,23,23,6,6,0,0.26
1292502,Raj Angad Bawa,25,25,10,10,0,0.4
1079470,Ramandeep Singh,91,90,45,45,0,0.5
793463,Rashid Khan Arman,519,516,183,183,0,0.354
1161489,Rasikh Salam Dar,42,42,9,9,0,0.214
337790,Hendrik Erasmus van der Dussen,254,249,74,74,0,0.297
1175441,Ravi Bishnoi,168,167,60,60,0,0.359
10582,Ravinder Singh Bopara,494,484,158,158,0,0.326
26421,Ravichandran Ashwin,333,331,79,79,0,0.238
234675,Ravindrasinh Anirudhsinh Jadeja,346,345,141,141,0,0.408
461632,Reece James William Topley,207,202,41,41,0,0.202
473191,Richard James Gleeson,136,132,26,26,0,0.196
642531,Ricky Kannakumar Bhui,81,81,26,26,0,0.32
318845,Rilee Roscoe Rossouw,391,386,161,161,0,0.417
961713,Riley Patrick Meredith,150,150,31,31,0,0.206
723105,Rinku Khanchand Singh,185,183,113,113,0,0.617
1201520,Ripal Vinubhai Patel,48,48,13,13,0,0.27
931581,Rishabh Rajendra Pant,216,214,173,136,37,0.808
290727,Rishi Dhawan,135,135,34,34,0,0.251
1079434,Riyan Parag,143,142,68,68,0,0.478
35582,Robin Venu Uthappa,291,290,170,131,39,0.586
34102,Rohit Gurunath Sharma,463,462,175,175,0,0.378
677077,Romario Shepherd,232,225,50,50,0,0.222
424219,Ronit Gajanan More,24,24,6,6,0,0.25
820351,Rovman Powell,328,321,164,164,0,0.51
223642,Juan Theron,129,128,35,35,0,0.273
1060380,Ruturaj Dashrat Gaikwad,151,149,77,73,4,0.516
47660,Ryan Neil ten Doeschate,382,372,134,134,0,0.36
432783,Sachin Baby,103,103,43,43,0,0.417
1048739,Ravisrinivasan Sai Kishore,91,91,28,28,0,0.307
1151288,Bhardwaj Sai Sudharsan,66,66,18,18,0,0.272
297628,Samuel William Billings,396,389,281,247,34,0.722
662973,Samuel Matthew Curran,330,325,137,137,0,0.421
1175489,Sameer Rizvi,40,40,11,11,0,0.275
51433,Samuel Badree,197,195,46,46,0,0.235
960361,Sandeep Lamichhane,168,168,38,38,0,0.226
438362,Sandeep Sharma,212,211,48,48,0,0.227
592735,Sankarankutty Sandeep Warrier,84,84,12,12,0,0.142
1048841,Ramsingh  Sanjay Yadav,35,35,18,18,0,0.514
425943,Sanju Viswanath Samson,330,328,207,171,36,0.631
1132219,Sanvir Singh,46,46,28,28,0,0.608
317292,Sarabjit Ladda,13,13,1,1,0,0.076
642525,Sarfaraz Naushad Khan,103,102,42,42,0,0.411
35390,Saurabh Sunil Tiwary,181,180,68,68,0,0.377
1287369,Saurav Dilipsingh Chauhan,36,36,21,21,0,0.583
446548,Scott Michael Boland,65,65,8,8,0,0.123
539548,Scott Christopher Kuggeleijn,175,170,70,70,0,0.411
398666,Sean Anthony Abbott,208,205,111,111,0,0.541
29655,Shadab Bashir Jakati,91,91,35,35,0,0.384
1159711,Shahbaz Ahmed,114,114,41,41,0,0.359
31872,Shahbaz Nadeem,150,150,28,28,0,0.186
581379,Shai Diego Hope,215,211,115,97,18,0.545
56143,Shakib Al Hasan,470,465,109,109,0,0.234
1356971,Shamar Joseph,38,38,14,14,0,0.368
1131607,Shams Zakir Mulani,59,59,23,23,0,0.389
8180,Shane Robert Watson,343,341,101,101,0,0.296
475281,Shardul Narendra Thakur,188,187,56,56,0,0.299
377534,Shashank Singh,98,98,34,34,0,0.346
6683,Shaun Edward Marsh,215,214,66,66,0,0.308
495551,Sheldon Shane Cottrell,142,139,59,59,0,0.424
237696,Sheldon Philip Jackson,84,84,64,56,8,0.761
914541,Sherfane Eviston Rutherford,250,245,80,80,0,0.326
28235,Shikhar Dhawan,334,333,136,136,0,0.408
670025,Shimron Odilon Hetmyer,322,317,172,172,0,0.542
714451,Shivam Dube,202,199,64,64,0,0.321
1079848,Shivam Pankaj Mavi,68,68,29,29,0,0.426
717201,Shivam Sharma,8,8,4,4,0,0.5
1380113,Shivam Singh,4,4,2,2,0,0.5
917213,Shivil Kaushik,10,10,0,0,0,0.0
302579,Shreevats Pratyush Goswami,111,111,62,52,10,0.558
344580,Shreyas Gopal,110,110,30,30,0,0.272
642519,Shreyas Santosh Iyer,240,237,102,102,0,0.43
1079668,Shubham Sanjay Agarwal,33,33,7,7,0,0.212
1252585,Shubham Badriprasad Dubey,39,39,7,7,0,0.179
1070173,Shubman Gill,175,173,59,59,0,0.341
326017,Siddarth Kaul,145,145,23,23,0,0.158
422342,Siddhesh Dinesh Lad,61,61,28,28,0,0.459
299572,Sikandar Raza Butt,349,345,151,151,0,0.437
1159722,Simarjeet Singh,42,42,8,8,0,0.19
379776,Sisanda Somila Bruce Magala,135,131,27,27,0,0.206
1123718,Spencer Henry Johnson,71,71,19,19,0,0.267
290632,Sreenath Aravind,84,84,24,24,0,0.285
529436,Kona Srikar Bharat,91,91,85,70,15,0.934
267192,Steven Peter Devereux Smith,272,270,154,154,0,0.57
27223,Stuart Terence Roger Binny,150,150,38,38,0,0.253
1131619,Sudhesan Midhun,31,31,7,7,0,0.225
1159734,Sumit Kumar,67,67,38,38,0,0.567
230558,Sunil Philip Narine,583,578,130,130,0,0.224
33335,Suresh Kumar Raina,336,335,172,172,0,0.513
446507,Suryakumar Ashok Yadav,360,358,173,173,0,0.483
1083851,Suyash S Prabhudessai,60,60,50,50,0,0.833
1350792,Suyash Sharma,52,52,7,7,0,0.134
232292,Swapnil Singh,96,95,34,34,0,0.357
802575,Thangarasu Natarajan,103,102,26,26,0,0.254
379145,Tabraiz Shamsi,319,313,40,40,0,0.127
1125960,Tanush Karunakar Kotian,36,36,15,15,0,0.416
1082859,Tejas Baroka,6,6,0,0,0,0.0
233514,Narangoda Liyanaarachchilage Thisara Chirantha Perera,385,384,160,160,0,0.416
1170265,Namboori Thakur Tilak Varma,143,141,83,83,0,0.588
892749,Timothy Hays David,316,312,180,180,0,0.576
625964,Tim Louis Seifert,316,307,228,188,40,0.742
232364,Timothy Grant Southee,295,291,133,133,0,0.457
877051,Tom Banton,218,216,139,129,10,0.643
550235,Thomas Kevin Curran,258,253,70,70,0,0.276
470633,Tom Kohler-Cadmore,270,268,143,138,5,0.533
530011,Travis Michael Head,174,173,44,44,0,0.254
277912,Trent Alexander Boult,292,290,98,98,0,0.337
595978,Tristan Stubbs,166,163,108,104,4,0.662
822553,Tushar Uday Deshpande,102,102,21,21,0,0.205
459257,Tymal Solomon Mills,264,256,39,39,0,0.152
376116,Umeshkumar Tilak Yadav,197,195,54,54,0,0.276
1246528,Umran Malik,59,59,14,14,0,0.237
446499,Unmukt Bharat Thakur Chand,103,102,64,61,3,0.627
215155,Usman Tariq Khawaja,121,121,29,29,0,0.239
1209292,Vaibhav Gopal Arora,69,69,23,23,0,0.333
360911,Varun Raymond Aaron,95,93,15,15,0,0.161
1108375,Varun Chakravarthy Vinod,150,147,28,28,0,0.19
851403,Venkatesh Rajasekaran Iyer,145,144,55,55,0,0.381
1155262,Vidwath Kaverappa,20,20,2,2,0,0.1
477021,Vijay Shankar,159,159,71,71,0,0.446
1153149,Vijayakanth Viyaskanth,60,60,17,17,0,0.283
777815,Vijaykumar Vyshak,49,49,10,10,0,0.204
35731,Ranganath Vinay Kumar,181,180,59,59,0,0.327
253802,Virat Kohli,414,411,185,185,0,0.45
720465,Virat Binod Singh,97,97,40,40,0,0.412
35263,Virender Sehwag,159,157,42,42,0,0.267
732293,Vishnu Vinod,72,72,37,30,7,0.513
1252370,Vivrant Sharma,28,28,16,16,0,0.571
784379,Pinnaduwage Wanindu Hasaranga de Silva,243,242,104,104,0,0.429
719715,Washington Sundar,161,159,50,50,0,0.314
265564,Wayne Dillon Parnell,307,305,75,75,0,0.245
897549,William George Jacks,251,247,119,119,0,0.481
279810,Wriddhiman Prasanta Saha,255,254,181,142,39,0.712
1159720,Yash Dayal,71,71,9,9,0,0.126
1292498,Yash Vijay Dhull,35,35,9,9,0,0.257
1070196,Yash Ravisingh Thakur,73,73,16,16,0,0.219
1151278,Yashasvi Bhupendra Kumar Jaiswal,121,120,52,52,0,0.433
1206052,Yudhvir Singh Charak,44,44,17,17,0,0.386
32498,Yusuf Khan Pathan,274,273,86,86,0,0.315
36084,Yuvraj Singh,231,230,53,53,0,0.23
430246,Yuzvendra Singh Chahal,329,326,74,74,0,0.226
30102,Zaheer Khan,138,137,30,30,0,0.218
1409976,Aniket Umashankar Verma,25,25,12,12,0,0.48
1209126,Ashwani Kumar,20,20,3,3,0,0.15
1452455,Ayush Mhatre,13,13,11,11,0,0.846
594322,Corbin Bosch,120,117,48,48,0,0.41
1460529,Digvesh Singh Rathi,20,20,5,5,0,0.25
1306214,Kiribathgala Kankanamalage Eshan Malinga Dharmasena,39,39,13,13,0,0.333
1216159,Harsh Surendra Dubey,30,30,9,9,0,0.3
1194959,Jacob Graham Bethell,97,95,52,52,0,0.547
510530,Jamie Overton,198,196,113,113,0,0.576
662235,Joshua Patrick Inglis,172,170,152,129,23,0.894
784373,Pasqual Handi Kamindu Dilanka Mendis,125,125,46,46,0,0.368
793467,Karim Janat,182,181,44,44,0,0.243
1339031,Kunal Singh Rathore,22,22,12,12,0,0.545
629074,Balapuwaduge Kusal Gimhan Mendis,205,202,115,87,28,0.569
1460385,Madhav Tiwari,1,1,1,1,0,1.0
1057399,Manoj Shivaramsa Bhandage,29,29,7,7,0,0.241
595267,Matthew Paul Breetzke,141,137,54,53,1,0.394
1213979,Mitchell J Owen,75,73,32,32,0,0.438
1316430,Musheer Khan,1,1,0,0,0,0.0
1350768,Prince Yadav,21,21,13,13,0,0.619
1175456,Priyansh Arya,46,46,15,15,0,0.326
1350762,Robin Minz,20,20,11,11,0,0.55
605661,Ryan David Rickelton,155,152,110,96,14,0.723
1392201,Penumatsa Venkata Satyanarayana Raju,19,19,5,5,0,0.263
1161050,Sediqullah Atal,92,92,33,33,0,0.358
1292497,Shaik Rasheed,30,30,16,16,0,0.533
1339698,Suryansh Shedge,23,23,11,11,0,0.478
1131570,Urvil Mukesh Patel,57,57,52,45,7,0.912
1408688,Vaibhav Sooryavanshi,18,18,2,2,0,0.111
1460388,Vignesh Puthur,9,9,3,3,0,0.333
1449074,Vipraj Nigam,28,27,8,8,0,0.296
698189,Pieter Willem Adriaan Mulder,141,136,66,66,0,0.485
1211825,William Peter O'Rourke,53,51,14,14,0,0.274
1050545,Xavier Colin Bartlett,103,102,48,48,0,0.47
942371,Zeeshan Ansari,11,11,5,5,0,0.454
